im_id,obj_id,score,visib_fract,cluster
326,11,0.8384375,0.8155363748458693,low
322,11,0.8321875,0.9159448187359641,low
326,5,0.8209375,0.7943096560459905,low
501,11,0.8159375,1.0,low
473,11,0.814375,1.0,low
828,11,0.80984375,1.0,low
368,5,0.795,0.8192347859109466,low
1117,11,0.794375,0.9935543278084714,low
219,5,0.7909375,0.9272683629380701,low
1050,5,0.789375,0.9158060170633139,low
909,11,0.78921875,0.9786747905559787,low
1098,11,0.78796875,0.9788834249349146,low
126,5,0.78640625,0.9268437747819191,low
365,5,0.7821875,0.807634805143028,low
625,8,0.7803125,0.9994098989451944,low
611,5,0.7803125,0.682258689753198,medium
494,11,0.7803125,1.0,low
64,11,0.77609375,0.8774783934926284,low
1176,5,0.775625,0.9513575846524793,low
224,5,0.77296875,0.6965861588481189,medium
679,5,0.77296875,0.5762081784386617,medium
650,8,0.76875,0.9995972884086181,low
248,5,0.768125,0.7043057996485061,medium
283,5,0.76796875,0.8721788652183083,low
934,9,0.7678125,0.9998091603053435,low
243,11,0.7675,0.9211728865194212,low
61,11,0.76734375,0.8627992633517495,low
217,5,0.76734375,0.9438616387865041,low
648,8,0.76734375,0.9969893944577489,low
434,5,0.7671875,0.7920117798637953,medium
62,11,0.7671875,0.9118094272681196,low
425,11,0.76453125,0.997529992942837,low
667,5,0.76421875,0.7643672356327643,medium
499,11,0.76421875,0.9971279373368146,low
785,1,0.76265625,0.9694323144104804,low
521,5,0.76265625,0.776519052523172,medium
1144,5,0.76171875,0.894406392694064,low
909,9,0.76046875,0.9986409966024915,low
727,11,0.76015625,0.9941027801179444,low
791,11,0.7590625,0.9926113163523236,low
474,11,0.75875,0.9982028241335045,low
691,9,0.7578125,0.9752026704816404,low
669,5,0.7578125,0.84759780689527,low
102,6,0.75703125,0.9961206896551724,low
603,5,0.756875,0.8919690175295556,low
428,11,0.75484375,0.9768928220255654,low
89,5,0.7546875,0.9053129931614939,low
925,8,0.7540625,0.5715117245967072,medium
756,11,0.75390625,0.9977595220313666,low
310,1,0.75296875,0.9890526315789474,low
667,8,0.7525,0.7583900778210116,medium
362,5,0.7503125,0.9280181848796094,low
283,1,0.74921875,0.9997260273972602,low
649,9,0.74859375,0.9920028434334459,low
770,9,0.7484375,0.9781803211198024,low
322,5,0.7484375,0.8189531392768568,low
819,9,0.7484375,0.9772450223486387,low
972,9,0.74828125,0.9950948332243297,low
115,5,0.7475,0.9608938547486033,low
356,9,0.74578125,0.8310626702997275,low
871,5,0.74546875,0.5767608334398568,medium
521,11,0.7453125,0.971894832275612,low
607,5,0.745,0.7150194336479734,medium
756,1,0.74453125,0.9668760708166761,low
540,5,0.74421875,0.8719562696703661,low
804,11,0.74390625,0.999708284714119,low
1131,5,0.74375,0.7847666614640237,medium
925,5,0.74359375,0.7949989449250897,low
61,5,0.74328125,0.8265924349107582,low
563,5,0.7415625,0.7766255144032922,medium
338,9,0.74078125,0.9993710691823899,low
956,9,0.7403125,0.9983569521462312,low
952,9,0.74,0.9997843433254259,low
991,9,0.7396875,1.0,low
969,9,0.7390625,0.9913294797687862,low
1169,5,0.73875,0.8469864418366184,low
871,1,0.73828125,0.999656002751978,low
438,11,0.73828125,0.9954703832752613,low
758,9,0.73796875,0.9980369061641147,low
758,11,0.7371875,0.9968583097706566,low
438,5,0.736875,0.8163934426229508,low
417,5,0.73640625,0.8874322670861737,low
695,9,0.73625,0.9958555358200119,low
740,11,0.73609375,0.9984539270253556,low
560,5,0.735625,0.8016516737944256,low
589,9,0.735,0.9663475485929794,low
310,8,0.73421875,0.9302346249555634,low
263,5,0.733125,0.9818148420279207,low
1199,1,0.73296875,0.8604497354497355,low
428,5,0.7321875,0.8838374798639699,low
434,11,0.73109375,0.973100519112789,low
801,5,0.73046875,0.7427230046948357,medium
402,5,0.73046875,0.9491525423728814,low
368,1,0.72984375,0.9677897075157349,low
942,9,0.72984375,0.9964871194379391,low
703,11,0.7296875,0.9996376811594203,low
1157,5,0.7296875,0.599973586899102,medium
711,11,0.72890625,0.9925124792013311,low
1001,9,0.72875,1.0,low
856,11,0.72859375,0.9921459336204712,low
1168,5,0.7278125,0.8309184830540507,low
903,5,0.7271875,0.7598369372562921,medium
136,9,0.7271875,0.941834451901566,low
1144,1,0.726875,0.9460869565217391,low
64,5,0.72671875,0.8311356869417269,low
560,11,0.72625,0.7639484978540773,medium
867,1,0.72625,0.9987157534246576,low
737,11,0.7259375,0.9977246871444824,low
925,9,0.725625,1.0,low
110,6,0.7253125,0.9964521033958439,low
821,11,0.72515625,0.9784468012316113,low
1151,1,0.72515625,0.990165086055497,low
1098,8,0.725,0.6977572089711641,medium
1038,5,0.725,0.8426183844011143,low
326,1,0.72484375,0.999350789872322,low
442,11,0.72484375,0.9885148514851485,low
691,1,0.7246875,0.9728654124457308,low
442,8,0.7240625,0.8264418811002662,low
1144,6,0.7234375,0.9954766875434934,low
575,11,0.72328125,0.9993523316062176,low
310,5,0.723125,0.7892556949689365,medium
175,6,0.72296875,0.9846782431052093,low
203,5,0.7228125,0.9085356303837119,low
991,5,0.72265625,0.6461743664362799,medium
540,9,0.72171875,0.9970794392523364,low
1131,11,0.7209375,1.0,low
415,11,0.72015625,0.9625283875851628,low
762,8,0.71953125,0.6526901112113015,medium
243,5,0.71953125,0.6602828520919269,medium
473,5,0.719375,0.8131469979296067,low
603,11,0.719375,0.9988276670574443,low
17,5,0.71890625,0.9831261101243339,low
527,8,0.71875,0.9961148883030387,low
850,5,0.7184375,0.741279550338899,medium
107,5,0.7178125,0.9202397418165053,low
649,5,0.71765625,0.4390133514369767,heavy
65,11,0.71765625,0.7564870259481038,medium
750,11,0.7175,0.9977772838408535,low
984,9,0.7175,0.9747104703379815,low
756,9,0.7171875,0.9962837837837838,low
1168,1,0.71671875,0.9373209169054442,low
435,11,0.71671875,0.9707835325365206,low
648,9,0.71625,0.9989279588336192,low
322,1,0.71625,0.9971822166562304,low
521,9,0.7159375,0.9932938856015779,low
589,6,0.7159375,0.9421848739495798,low
217,1,0.71578125,0.9975652173913043,low
918,8,0.715625,0.7536361202819666,medium
750,9,0.7153125,0.9990839694656488,low
47,11,0.71515625,0.8888888888888888,low
679,1,0.7146875,0.7391132224861441,medium
972,8,0.71453125,0.8502824858757062,low
307,8,0.71421875,0.9380873866446826,low
667,1,0.7140625,0.8729701414353065,low
243,1,0.71390625,0.9959141981613892,low
119,9,0.71375,0.9906574394463667,low
856,9,0.71359375,0.9799876847290641,low
58,11,0.71359375,0.783732057416268,medium
342,9,0.7134375,0.9660516605166052,low
529,8,0.71328125,0.9991254154276719,low
642,9,0.713125,0.9893092105263158,low
1180,5,0.713125,0.8085395439107229,low
894,9,0.71296875,0.9879556259904912,low
669,8,0.7128125,0.8097415506958251,low
711,9,0.71234375,0.9984848484848485,low
156,6,0.71203125,0.9983888292158969,low
589,1,0.71109375,0.8103827540695117,low
435,5,0.7109375,0.7628831256315257,medium
47,5,0.710625,0.9263317599460553,low
1169,1,0.710625,0.9622455679579777,low
107,6,0.7103125,0.9929010884997633,low
27,8,0.70984375,0.8419940853400929,low
877,9,0.70984375,0.9931876241839341,low
571,5,0.70921875,0.7607575757575757,medium
387,5,0.70921875,0.992396204831438,low
934,5,0.70890625,0.8582146352071328,low
307,1,0.70890625,0.9489611562782294,low
764,1,0.70890625,0.995697896749522,low
1107,5,0.7084375,0.9539495247459849,low
529,5,0.7084375,0.6107708553326293,medium
368,11,0.70828125,0.9509857612267251,low
58,8,0.70796875,0.6263756088760599,medium
821,9,0.7078125,0.985797827903091,low
368,9,0.7071875,0.9924258818437568,low
1212,5,0.706875,0.730419731717871,medium
1148,5,0.7065625,0.9554464973056197,low
801,11,0.70546875,0.9737270402232039,low
1151,5,0.70515625,0.8163187372708758,low
754,11,0.70484375,0.9778242677824268,low
248,1,0.70484375,1.0,low
97,1,0.70453125,0.961465271170314,low
840,11,0.7040625,0.9967942673958137,low
1103,10,0.70390625,0.9696,low
8,5,0.70359375,0.8959843837144451,low
266,1,0.70359375,0.9398129320862139,low
982,9,0.70328125,0.9714742126882702,low
575,5,0.70328125,0.7659336563548267,medium
669,9,0.70296875,0.999117387466902,low
803,11,0.70296875,1.0,low
1117,8,0.70265625,0.6711850758287479,medium
1012,5,0.7021875,0.8350602664411081,low
867,8,0.7021875,0.7518413597733711,medium
1123,8,0.701875,0.6614369762881084,medium
904,5,0.70171875,0.7655460721128723,medium
549,1,0.70171875,0.8155,low
535,9,0.7015625,0.9573200992555831,low
58,9,0.7015625,0.9915902140672783,low
402,6,0.7015625,0.9742152466367713,low
47,9,0.7015625,0.9799691833590138,low
649,8,0.70140625,0.9908111324122431,low
543,8,0.70078125,0.9995928338762216,low
708,8,0.700625,0.8659564318651614,low
310,6,0.700625,1.0,low
268,8,0.7,0.9747807017543859,low
902,5,0.69953125,0.8230631552032728,low
642,5,0.69953125,0.6199119177899373,medium
428,8,0.699375,0.9442379182156134,low
708,10,0.6990625,0.924791086350975,low
1107,11,0.69828125,0.9988644106291165,low
203,6,0.69796875,0.9877722583110432,low
769,11,0.69765625,0.9840071079520213,low
221,5,0.69734375,0.9222456837659918,low
136,1,0.69703125,0.9910263600673023,low
754,8,0.696875,0.7525664648591734,medium
268,9,0.696875,0.9881851000984575,low
62,5,0.69640625,0.8843198338525441,low
446,9,0.69546875,0.9957934990439771,low
739,8,0.69546875,0.8799755052051439,low
266,8,0.6953125,0.9325662295959326,low
521,10,0.695,0.5637358014303744,medium
277,1,0.6946875,0.993443482821925,low
263,1,0.6940625,0.9983825313384553,low
589,10,0.6940625,0.9538801906058543,low
277,5,0.6940625,0.9783331834936618,low
38,5,0.69390625,0.9004010695187166,low
769,10,0.69390625,0.744322092222987,medium
1157,1,0.69375,0.984967543559959,low
266,11,0.69359375,0.8956217162872154,low
679,8,0.69359375,0.9977322548945499,low
642,8,0.6934375,0.9998401789995205,low
819,10,0.6934375,0.9764439411098528,low
871,9,0.6928125,0.9910600255427842,low
535,6,0.6921875,0.9783080260303688,low
249,11,0.6915625,0.8960167714884696,low
124,6,0.6915625,0.9773635153129161,low
952,5,0.69125,0.6388850558851938,medium
39,5,0.69125,0.9387673956262426,low
249,5,0.69109375,0.7655450457435261,medium
1057,5,0.69078125,0.8033084526931612,low
268,1,0.69078125,0.9437418229393807,low
434,8,0.69046875,0.830108359133127,low
828,9,0.6903125,0.9921130463358527,low
563,9,0.69,0.9991542148294333,low
119,8,0.69,0.7847483095416979,medium
368,6,0.68984375,0.9993825254708243,low
258,5,0.6896875,0.9745925215723873,low
886,9,0.6896875,0.9763756842408527,low
615,9,0.68953125,0.9761103633916555,low
650,9,0.689375,0.9950153374233128,low
501,5,0.68921875,0.7074840764331211,medium
761,1,0.68921875,0.9873765093304061,low
809,10,0.6890625,0.7747854394791358,medium
1103,6,0.6884375,0.9801938474504847,low
840,9,0.6884375,0.9903462050599201,low
124,1,0.6884375,0.9452662721893491,low
97,6,0.68828125,0.99553208773355,low
338,5,0.68828125,0.9473561611926392,low
844,9,0.68828125,0.9602517389864194,low
1148,1,0.688125,0.8775143678160919,low
126,1,0.688125,0.9551020408163265,low
175,9,0.688125,0.9508196721311475,low
695,1,0.68796875,0.8039071138960561,low
907,9,0.68765625,0.999113475177305,low
3,9,0.6875,0.9603960396039604,low
840,1,0.68734375,0.9926519706078825,low
61,9,0.68734375,0.9954193093727978,low
877,8,0.68703125,0.8706039471731711,low
904,11,0.686875,0.9080591868984341,low
1038,1,0.686875,1.0,low
415,5,0.68671875,0.9179091387475882,low
1103,5,0.68671875,0.9030168740412476,low
877,10,0.6865625,0.9566608493310064,low
307,6,0.68640625,0.9993922819811607,low
503,11,0.68640625,0.9800498753117207,low
871,8,0.68625,0.7416785787216663,medium
254,6,0.6859375,0.9932279909706546,low
984,8,0.6859375,0.9820743484587908,low
442,1,0.68578125,0.9990407673860912,low
27,9,0.685625,0.998015873015873,low
984,5,0.685625,0.8744288064339243,low
667,9,0.685625,0.9985185185185185,low
254,1,0.685625,0.951332560834299,low
902,1,0.6853125,1.0,low
425,5,0.68515625,0.7299354243542435,medium
549,5,0.685,0.9400984682713348,low
803,8,0.6846875,0.5587867975022301,medium
1148,8,0.68453125,0.8667927587138611,low
1144,8,0.68453125,0.9827054964715237,low
669,1,0.68421875,0.9966759002770084,low
503,8,0.68421875,0.9934869739478958,low
739,10,0.68390625,0.9729950900163666,low
499,5,0.68375,0.6882229232386962,medium
176,6,0.6834375,0.9711891042430592,low
757,11,0.68328125,0.9825048597611774,low
769,8,0.68328125,0.7623103127903376,medium
446,11,0.683125,0.928552596889006,low
540,1,0.6825,0.7507903055848262,medium
453,1,0.6825,0.8094804010938924,low
1131,1,0.6821875,0.9801477377654663,low
156,5,0.68109375,0.9474120769741208,low
754,9,0.68109375,0.9806966009232061,low
126,9,0.68109375,0.9912049252418645,low
804,5,0.6809375,0.7809247155652385,medium
909,8,0.6809375,0.8840779165784459,low
1199,5,0.68078125,0.8299298994209082,low
761,9,0.680625,0.9996432393863718,low
652,1,0.680625,0.8836251287332647,low
3,11,0.68046875,0.7968384074941453,low
837,1,0.68,0.9483568075117371,low
41,5,0.6796875,0.9480397673982367,low
803,5,0.6796875,0.7654491155524925,medium
703,9,0.679375,0.9987562189054726,low
549,11,0.67890625,0.8577327327327328,low
476,9,0.67890625,0.9809485204702068,low
417,11,0.67890625,0.9954954954954955,low
442,5,0.67796875,0.7600742804085423,medium
1098,5,0.6778125,0.5908353609083536,medium
821,8,0.6778125,0.734620886981402,medium
480,8,0.6778125,0.9984957379241184,low
207,5,0.67765625,0.9607865818392134,low
708,11,0.6775,0.9753986332574032,low
691,8,0.6775,0.9711449840482098,low
203,9,0.67734375,0.9946960424316605,low
477,8,0.6771875,0.9844469131883828,low
110,5,0.67703125,0.9679063620917501,low
549,6,0.67703125,0.9699248120300752,low
563,10,0.676875,0.8056112224448898,low
1099,1,0.67671875,0.949449125081011,low
821,10,0.67640625,0.9387553506750083,low
903,1,0.67625,1.0,low
207,1,0.67625,0.9930200093066542,low
268,11,0.67609375,0.8900181488203267,low
1103,8,0.67546875,0.9685760667903525,low
1087,5,0.67546875,0.3125130561938584,heavy
1180,1,0.6753125,0.9724832214765101,low
844,1,0.6753125,0.9860990443092963,low
736,10,0.6753125,0.9975575715282624,low
886,8,0.675,0.848364717542121,low
711,10,0.675,0.9700598802395209,low
934,8,0.6746875,0.7902013097259277,medium
96,5,0.67453125,0.6314722682881887,medium
754,6,0.67453125,0.989713048186248,low
365,1,0.67453125,0.9498741130693522,low
72,9,0.67453125,0.9908065190137902,low
611,9,0.67421875,0.98898628905372,low
773,9,0.67390625,0.9747102212855637,low
402,10,0.67375,0.9885913853317811,low
918,9,0.67375,0.9901648828463986,low
69,11,0.67359375,0.5758498224251649,medium
867,10,0.6734375,0.9229172843166321,low
918,1,0.673125,0.9285256410256411,low
389,6,0.673125,0.9851243908694537,low
338,1,0.6728125,0.8936977980258163,low
203,11,0.67265625,0.9099330931549151,low
1157,10,0.6725,0.9617990214527663,low
871,10,0.67234375,0.8774716369529983,low
968,9,0.67203125,0.9423685877137429,low
844,5,0.6715625,0.9372001128986734,low
156,1,0.67140625,0.9963138493944181,low
968,5,0.67125,0.9744042365401588,low
788,9,0.67109375,1.0,low
1087,8,0.67109375,0.7266650160930923,medium
1180,8,0.67109375,0.7693612627231156,medium
207,6,0.6709375,0.9993457638207393,low
389,11,0.67078125,0.7600446428571429,medium
435,8,0.670625,0.810752688172043,low
1061,5,0.67046875,0.7119021134593994,medium
961,8,0.67046875,0.7756709654932032,medium
758,5,0.67046875,0.7498401875133177,medium
417,6,0.6703125,0.634455832113226,medium
476,10,0.66984375,0.4721145243065911,medium
310,11,0.66984375,0.9385435168738899,low
850,9,0.6696875,0.9969178082191781,low
494,5,0.6690625,0.7122494432071269,medium
828,10,0.66875,0.987123207491952,low
473,10,0.66859375,0.7512291052114061,medium
126,6,0.66859375,0.9862745098039216,low
819,1,0.66859375,0.9046070460704607,low
529,11,0.66859375,0.9920763260025873,low
1157,8,0.66859375,0.7679339611673062,medium
102,5,0.6684375,0.9650787965616046,low
737,10,0.6684375,0.9790188213514347,low
791,5,0.66828125,0.8978045463376725,low
775,10,0.66828125,0.8724091520861372,low
540,10,0.6678125,0.7198504206918043,medium
1087,10,0.6678125,0.9637654090399701,low
652,9,0.6675,0.995414847161572,low
219,1,0.66734375,0.9970023980815348,low
425,8,0.66734375,0.6780786918753193,medium
1001,5,0.66734375,0.9519498607242339,low
8,8,0.66734375,0.9920508744038156,low
8,6,0.6671875,0.9841752891052952,low
750,1,0.66703125,0.9758022093634929,low
904,8,0.66703125,0.49529737206085755,medium
428,1,0.66671875,1.0,low
736,8,0.66640625,0.8904869529484282,low
1107,6,0.66640625,0.7017458777885548,medium
27,5,0.66625,0.9013511012400518,low
918,6,0.6659375,0.9389282899921197,low
277,8,0.6659375,0.7533700980392157,medium
532,8,0.66578125,0.9939441811479727,low
58,5,0.66578125,0.8368794326241135,low
867,9,0.665625,0.9545177045177046,low
491,5,0.66546875,0.6726840855106888,medium
768,6,0.6653125,0.9942047649710238,low
956,5,0.66515625,0.4490625,medium
41,9,0.665,0.9592544429995665,low
711,1,0.66484375,0.9959555106167847,low
762,9,0.66484375,1.0,low
491,10,0.6646875,0.39424778761061946,heavy
695,8,0.664375,0.9979499547784142,low
415,1,0.664375,0.9955022488755623,low
956,8,0.66390625,0.801575312904618,low
603,9,0.66375,1.0,low
307,5,0.66375,0.8877310507381219,low
711,8,0.6634375,0.8618249534450652,low
365,9,0.6634375,0.858495670995671,low
491,8,0.66328125,0.9970031545741325,low
96,1,0.66328125,0.9981785063752276,low
249,1,0.6628125,0.9662560257096947,low
356,5,0.66265625,0.9979923997992399,low
625,9,0.66234375,0.9691689008042895,low
761,8,0.6621875,0.6730109739368999,medium
819,8,0.66203125,0.9325699745547074,low
969,6,0.661875,0.9449579831932773,low
501,9,0.66140625,0.984249792760431,low
788,5,0.66125,0.8633276740237691,low
254,8,0.66125,0.8425883952855848,low
453,9,0.6603125,0.996594778660613,low
110,1,0.6603125,0.9982466393921683,low
39,9,0.66015625,0.9630630630630631,low
575,8,0.6596875,0.7608458687595379,medium
883,9,0.65953125,1.0,low
615,8,0.659453125,0.9984405778069599,low
79,5,0.659296875,0.9783983140147524,low
362,9,0.65921875,0.9534821903242956,low
791,1,0.6590625,0.9800613496932515,low
453,10,0.658828125,0.9601237538673083,low
102,9,0.658203125,0.9930382894082546,low
1012,10,0.658046875,0.9537732121691032,low
773,10,0.658046875,0.9608585858585859,low
775,9,0.658046875,0.934643995749203,low
1050,1,0.65796875,0.9693593314763231,low
737,8,0.65796875,0.8306617344841759,low
770,8,0.657734375,0.7584514113578044,medium
907,1,0.657578125,0.9551307062036676,low
821,1,0.657421875,0.979676915059927,low
740,1,0.65734375,1.0,low
762,10,0.65734375,0.8575380359612724,low
283,8,0.657265625,0.5924352473619295,medium
178,8,0.657109375,1.0,low
691,5,0.65703125,0.9448826291079813,low
480,11,0.65703125,0.9025411896118403,low
8,11,0.656640625,0.9505021520803444,low
809,8,0.656484375,0.8980306345733041,low
435,9,0.656328125,0.9954225352112676,low
669,6,0.65625,0.6661887008890164,medium
72,5,0.656171875,0.7737789203084833,medium
65,5,0.65609375,0.7928256282370996,low
571,11,0.655859375,0.8148148148148148,low
8,9,0.65578125,0.8588056680161943,low
679,9,0.655078125,0.7998320268756999,low
207,11,0.655078125,0.6100502512562814,medium
642,1,0.65484375,0.6697626418988648,medium
41,11,0.654609375,0.7792207792207793,medium
850,8,0.65453125,0.5226467113036629,medium
368,8,0.654375,0.8426752524513391,low
840,8,0.654375,0.6399357469418016,medium
773,1,0.654296875,0.976004799040192,low
607,9,0.65375,0.9936419125127162,low
501,1,0.653671875,0.6289222373806276,medium
543,11,0.653671875,0.9309710847400969,low
821,6,0.653515625,0.8931623931623932,low
757,8,0.652890625,0.6327081770442611,medium
757,5,0.65265625,0.7310302282541641,medium
982,8,0.652578125,0.9566929133858267,low
902,9,0.652578125,0.9972612119137282,low
756,5,0.652421875,0.7313403286477925,medium
788,8,0.65234375,0.5375264270613108,medium
153,5,0.65234375,0.9609407811843763,low
991,8,0.652265625,0.8160111140053834,low
942,5,0.6521875,0.9124606387764282,low
794,9,0.65203125,0.9988653555219364,low
757,1,0.651953125,0.9642657733109995,low
527,1,0.651953125,0.7965116279069767,low
615,5,0.65171875,0.6934497816593886,medium
1038,10,0.651640625,0.9815914489311164,low
934,10,0.65140625,0.8927018988789751,low
249,8,0.65125,0.6448402304871661,medium
903,8,0.65125,0.47230103031208004,medium
342,11,0.650859375,0.7990164635450074,low
1038,8,0.650703125,0.6489502099580085,medium
856,1,0.650625,0.9975210708973723,low
532,9,0.650546875,0.9315068493150684,low
224,1,0.650390625,1.0,low
856,10,0.650078125,0.9706737120211361,low
1071,11,0.649765625,0.8568027210884354,low
97,5,0.649765625,0.9429699842022117,low
365,8,0.649765625,0.5304891187244128,medium
1057,1,0.6496875,0.9995427526291724,low
603,1,0.6496875,0.949517446176689,low
856,5,0.649609375,0.6169720690268635,medium
119,1,0.64953125,0.9926470588235294,low
263,6,0.649375,0.9950718685831622,low
708,9,0.649296875,0.9826302729528535,low
972,1,0.6490625,0.9270565552699229,low
1180,10,0.64890625,0.9804903314917127,low
266,6,0.648828125,0.9717301168488504,low
1157,9,0.64875,0.8731748018356279,low
62,9,0.64828125,0.9715639810426541,low
69,8,0.64828125,0.44042866148350496,heavy
1099,5,0.648125,0.9656529516994633,low
757,9,0.647890625,0.9975533030408948,low
785,9,0.647890625,0.9882892057026477,low
775,6,0.647734375,0.9215915740198947,low
809,6,0.64765625,0.9751929437706726,low
740,8,0.64734375,0.839042428960685,low
844,12,0.647109375,0.734790446146913,medium
402,9,0.64640625,0.9693028095733611,low
837,8,0.64609375,0.6959178367134685,medium
1123,1,0.646015625,0.9861550632911392,low
904,9,0.645703125,1.0,low
703,10,0.645625,0.9900650907845152,low
178,5,0.64546875,0.7684550221863655,medium
491,1,0.6453125,0.5367132867132867,medium
1157,6,0.645078125,0.8278560250391236,low
72,8,0.645078125,0.6564474608003744,medium
266,5,0.644921875,0.9235308285163777,low
649,6,0.644765625,0.8790646693459993,low
903,11,0.644609375,0.8806064434617814,low
575,1,0.64421875,0.9831854273703877,low
991,10,0.64375,0.9392003785190443,low
527,11,0.64375,0.951313641086537,low
652,8,0.64375,0.9655042056516397,low
126,8,0.64359375,0.9782608695652174,low
909,12,0.6434375,0.9018824871648602,low
708,1,0.643359375,0.91005291005291,low
894,8,0.64328125,0.6963646637784894,medium
740,10,0.64328125,0.9515631880228974,low
79,6,0.643203125,0.9951664876476907,low
102,1,0.64265625,0.952722920406942,low
758,1,0.64265625,0.9735182849936949,low
119,5,0.642109375,0.9670235546038544,low
476,8,0.642109375,0.9818745158791634,low
175,1,0.641796875,0.9811320754716981,low
775,1,0.641484375,0.8895966029723992,low
768,11,0.64140625,0.8098560837331007,low
768,10,0.641328125,0.8270348837209303,low
387,9,0.64125,0.8536705131352811,low
438,10,0.64125,0.9532650448143406,low
69,9,0.641171875,0.9957428693060877,low
36,11,0.64109375,0.8189499094749547,low
79,1,0.641015625,0.998176291793313,low
474,9,0.6409375,0.9878337276106793,low
224,8,0.640859375,0.5348013161225006,medium
387,1,0.640859375,0.9858646616541353,low
402,11,0.64078125,0.955024595924104,low
124,5,0.640625,0.9096648858669257,low
652,5,0.64046875,0.9460685483870968,low
1012,8,0.640078125,0.724848075624578,medium
249,6,0.640078125,0.925238600212089,low
703,1,0.640078125,0.995920745920746,low
750,5,0.64,0.7660485021398002,medium
952,10,0.639921875,0.961254066844129,low
736,1,0.639921875,0.9944612286002014,low
425,10,0.63984375,0.7373483897950648,medium
770,1,0.6396875,0.9628081905557877,low
17,9,0.6390625,0.9943955164131305,low
41,6,0.638984375,0.9306666666666666,low
1212,1,0.63828125,0.9324921135646688,low
521,1,0.637734375,0.6879947229551451,medium
417,8,0.637578125,0.8389393130450258,low
124,8,0.637578125,0.9911138348398958,low
837,9,0.636953125,0.9506447309915518,low
1050,11,0.636953125,0.9303313508920985,low
615,1,0.636796875,0.8701787394167451,low
221,1,0.636640625,0.9979953224189776,low
248,11,0.636640625,0.7739880059970015,medium
961,9,0.63640625,0.9438687392055267,low
804,8,0.63625,0.6153159585862192,medium
1061,10,0.6359375,0.859721082854799,low
402,1,0.63578125,0.8637083993660856,low
1151,10,0.635625,0.981052106706557,low
425,1,0.635625,0.6881851400730816,medium
808,5,0.635625,0.805521966948811,low
476,5,0.635546875,0.6430240320427236,medium
535,8,0.6353125,0.9749154954634407,low
649,1,0.635234375,0.6519114688128773,medium
1117,1,0.635,1.0,low
809,9,0.635,0.9849304482225657,low
819,11,0.63484375,0.8226266952177016,low
808,11,0.634765625,0.9248248035676364,low
850,1,0.63453125,0.9975235264982665,low
794,5,0.634453125,0.858978936094252,low
907,12,0.634296875,0.987880773010154,low
768,1,0.63421875,0.9548825710754018,low
474,1,0.6340625,0.6340632603406327,medium
307,9,0.63359375,0.8929841577756223,low
434,9,0.633359375,0.997639653815893,low
438,9,0.633203125,0.9921783339851389,low
840,5,0.633125,0.8834406471850751,low
491,6,0.63296875,0.9847682119205298,low
307,11,0.632734375,0.9445644348452124,low
3,8,0.632578125,0.971836346336822,low
909,6,0.632578125,0.5891974134651959,medium
415,9,0.6325,0.9887901043679939,low
115,10,0.632265625,0.8175796178343949,low
695,5,0.632109375,0.7237390097177233,medium
769,6,0.63203125,0.9930774071743235,low
1098,1,0.631640625,0.9963735267452403,low
503,5,0.6315625,0.5934788325006574,medium
739,1,0.63140625,0.9951897381079636,low
69,5,0.631328125,0.6747500531801744,medium
446,6,0.631328125,0.9145785876993167,low
907,8,0.631328125,0.8641975308641975,low
801,9,0.63125,0.9995194617972128,low
417,12,0.631015625,0.988663967611336,low
126,11,0.631015625,0.8977978543195935,low
176,1,0.630859375,0.9493150684931507,low
3,6,0.63046875,0.9939246658566221,low
36,6,0.630078125,0.9891994917407878,low
47,6,0.629921875,0.8755472170106317,low
166,8,0.62984375,0.7162257745084171,medium
770,6,0.6296875,0.9720246562351825,low
1107,1,0.629453125,0.9406834300451322,low
942,8,0.629453125,0.6017487482250953,medium
415,6,0.629296875,0.7909690512430239,medium
387,6,0.6290625,0.9721577726218097,low
844,8,0.628828125,0.6058042407367745,medium
589,8,0.628828125,0.9611555940272668,low
840,10,0.628828125,0.9052197802197802,low
571,8,0.62875,0.6273393002441009,medium
543,5,0.628515625,0.5689265536723164,medium
107,9,0.628203125,0.9989664082687338,low
203,1,0.628046875,0.9513221153846154,low
1131,10,0.62796875,0.9042338709677419,low
107,11,0.627890625,0.7408312958435208,medium
563,1,0.62765625,0.6178897090751194,medium
603,6,0.627265625,0.8781725888324873,low
310,12,0.6271875,0.9330170777988614,low
1180,9,0.62703125,0.6912246234446627,medium
961,6,0.62703125,0.9710230632761679,low
560,9,0.62671875,0.9962385814078453,low
176,8,0.626328125,0.846288562575778,low
886,6,0.626171875,0.9427942794279428,low
775,8,0.62578125,0.8496779859484778,low
883,8,0.625703125,0.7535421812036917,medium
38,8,0.625390625,0.98779521318751,low
136,8,0.6253125,0.7611749680715197,medium
254,11,0.625234375,0.8142123287671232,low
652,6,0.62515625,0.9261862917398945,low
791,9,0.625078125,1.0,low
769,1,0.625,0.984778292521509,low
203,8,0.62484375,0.9174820613176777,low
828,8,0.624765625,0.8245510744774801,low
727,8,0.62453125,0.7268014515292898,medium
1169,10,0.624375,0.9771634615384616,low
758,8,0.624296875,0.6515673981191222,medium
3,5,0.6240625,0.9618937644341802,low
1103,1,0.623828125,0.9275274056029232,low
761,10,0.623828125,0.9481255448997384,low
607,8,0.62375,0.7349722442505948,medium
415,12,0.623671875,0.9845973874049523,low
956,10,0.6234375,0.9415899175957344,low
925,10,0.6234375,0.9255230125523013,low
740,9,0.623203125,0.9984615384615385,low
1087,1,0.623125,0.9959390862944163,low
769,9,0.623125,0.9803191489361702,low
39,6,0.623125,0.9870298313878081,low
39,8,0.622421875,0.9491094147582697,low
918,10,0.62234375,0.9613733905579399,low
762,5,0.6221875,0.4717298003358836,medium
417,9,0.62203125,0.9916072177926982,low
243,8,0.621953125,0.7322874493927125,medium
894,5,0.621484375,0.9636208784523664,low
473,1,0.621015625,0.945273631840796,low
38,6,0.62078125,0.9942196531791907,low
119,6,0.62078125,0.5909671921602045,medium
758,10,0.620625,0.8650631879331431,low
277,12,0.62015625,0.9779175401816911,low
446,10,0.619921875,0.6801548205489092,medium
883,1,0.61984375,0.9976808905380334,low
136,5,0.61921875,0.9633377888103877,low
425,9,0.619140625,0.9986956521739131,low
808,8,0.6190625,0.5605807743658211,medium
1001,10,0.61890625,0.839850488786659,low
773,6,0.618828125,0.9803571428571428,low
178,1,0.618671875,0.9547291835084882,low
36,8,0.618515625,0.9771721819147053,low
708,6,0.618515625,0.9821314613911933,low
217,8,0.6184375,0.45649819494584837,medium
310,9,0.61828125,0.5555929919137467,medium
499,12,0.61828125,0.9123141441097979,low
47,12,0.61828125,0.9751581907663464,low
102,8,0.618046875,0.8258743888679955,low
611,8,0.617890625,0.7138596989491621,medium
952,8,0.617890625,0.7900010329511414,medium
1099,8,0.6178125,0.7823732151649434,medium
389,8,0.61765625,0.940982447873719,low
1199,10,0.6175,0.9451395572666025,low
904,1,0.617421875,0.9985067197610752,low
254,9,0.6171875,0.45069274653626734,medium
501,10,0.617109375,0.6274578651685393,medium
36,9,0.616953125,0.916070577014783,low
491,11,0.616875,0.8166932907348243,low
402,8,0.616875,0.9734704926908501,low
446,5,0.616875,0.8115015974440895,low
162,8,0.616640625,0.412533886142561,heavy
1123,10,0.616640625,0.9651860744297719,low
791,10,0.616484375,0.935077066791219,low
1117,5,0.61640625,0.6915670650730412,medium
97,11,0.616171875,0.6377343113284434,medium
1180,6,0.61609375,0.5468306527909177,medium
102,11,0.615859375,0.6966188050023159,medium
768,9,0.615703125,0.9925013390465989,low
1169,12,0.615390625,0.9796235806501788,low
162,1,0.615234375,0.961484593837535,low
219,12,0.614140625,0.7093481790767804,medium
969,10,0.61375,0.951238591916558,low
764,10,0.613515625,0.9219232465813851,low
575,10,0.613515625,0.847037484885127,low
1148,10,0.61328125,0.9580585151361407,low
175,8,0.613046875,0.8895277207392197,low
503,9,0.6128125,0.9749727965179543,low
494,12,0.612734375,0.9442896935933147,low
428,6,0.612265625,0.9770334928229665,low
438,1,0.6121875,0.5725149375339489,medium
1168,8,0.611953125,0.4969865971035351,medium
136,12,0.611796875,0.9425393883225208,low
886,1,0.61140625,0.9959390862944163,low
856,12,0.611328125,0.8603053435114504,low
907,6,0.611328125,0.882414151925078,low
883,10,0.61109375,0.9491768074445239,low
1057,10,0.611015625,0.9571909571909571,low
415,8,0.610546875,0.8794476898566118,low
453,8,0.610390625,0.9891283245971656,low
124,11,0.610234375,0.9470712773465068,low
607,10,0.610078125,0.9703921045612163,low
136,11,0.609765625,0.7237093690248566,medium
611,10,0.609609375,0.9389312977099237,low
1069,8,0.60953125,0.6045951156812339,medium
36,5,0.60953125,0.9141860465116279,low
819,6,0.609375,0.9800399201596807,low
434,1,0.60890625,0.5362462760675273,medium
768,8,0.608828125,0.745119305856833,medium
438,8,0.608671875,0.835300730747611,low
804,10,0.60859375,0.9754856614246068,low
249,12,0.6084375,0.97733405288721,low
434,6,0.60828125,0.798828125,low
764,9,0.60828125,1.0,low
754,1,0.60796875,0.9901574803149606,low
982,12,0.607890625,0.9865610411656528,low
166,6,0.6078125,0.9795802609188883,low
1087,9,0.60765625,0.9883959044368601,low
446,8,0.60765625,0.9712894560107455,low
961,12,0.607578125,0.9442429737080689,low
902,8,0.607578125,0.5640412819120043,medium
589,5,0.607265625,0.9562276671771311,low
166,9,0.607265625,0.4568923526546517,medium
473,9,0.6071875,0.9995458673932789,low
453,11,0.606953125,0.8710843373493976,low
540,8,0.606484375,0.9912541542767186,low
342,12,0.606015625,0.970042500259148,low
474,5,0.6059375,0.8608126259234385,low
942,10,0.605859375,0.891298800714468,low
64,9,0.605703125,0.9769452449567724,low
1151,12,0.605546875,0.9715419110037944,low
491,9,0.6053125,0.9973262032085561,low
387,8,0.605234375,0.8866108263532941,low
883,5,0.604921875,0.4759322033898305,medium
89,1,0.604921875,0.9965669445806769,low
785,5,0.60484375,0.8986277113767154,low
1098,10,0.60484375,0.9029775844764135,low
642,6,0.604453125,0.994503337259521,low
338,8,0.604375,0.6738289289536511,medium
794,10,0.604296875,0.7979894686452849,low
453,5,0.6040625,0.919047619047619,low
307,12,0.60390625,0.968595946686142,low
540,6,0.6034375,0.858354114713217,low
38,9,0.603203125,0.9342235410484668,low
494,8,0.603125,0.8943814154511075,low
268,5,0.60296875,0.9478134495970406,low
886,10,0.60265625,0.9332191780821918,low
828,5,0.60234375,0.7313127175916445,medium
886,5,0.60203125,0.3802870813397129,heavy
727,1,0.601875,0.9881773399014778,low
903,9,0.6015625,0.9983987189751802,low
480,1,0.601484375,0.7057010785824345,medium
1151,9,0.601015625,0.46680672268907564,medium
499,10,0.6009375,0.8815350389321468,low
107,8,0.600625,0.9767441860465116,low
844,11,0.600625,0.8473713962690785,low
969,12,0.600546875,0.9344324426757628,low
1212,8,0.600546875,0.49917627677100496,medium
243,12,0.6003125,0.9362093641382131,low
770,10,0.6003125,0.9744495786898614,low
850,10,0.60015625,0.8627876682587928,low
801,1,0.600078125,0.41023890784982936,heavy
119,11,0.59984375,0.7094994087504927,medium
356,8,0.599296875,0.6432439084420379,medium
703,8,0.598984375,0.8404486857525532,low
679,10,0.5984375,0.9474993092014369,low
837,10,0.5984375,0.848047836792121,low
1168,10,0.598359375,0.9110497237569061,low
207,8,0.598359375,0.8573065902578797,low
750,10,0.598125,0.8988964044143823,low
417,1,0.597890625,0.9481517042726836,low
1107,8,0.597734375,0.6780567685589519,medium
909,1,0.59765625,0.9581256231306082,low
535,1,0.59765625,0.8825847123719465,low
794,8,0.59765625,0.5809279129514886,medium
808,9,0.5975,0.9907811741872877,low
770,12,0.59703125,0.9439143588550152,low
266,9,0.596875,0.44738605898123324,medium
176,11,0.596640625,0.8802507836990595,low
982,10,0.5965625,0.7110215053763441,medium
477,5,0.596484375,0.46700188560653677,medium
474,10,0.596328125,0.5316834375849878,medium
428,9,0.59609375,0.8153998025666338,low
956,6,0.596015625,0.8326881720430107,low
65,9,0.595859375,0.9988028731045491,low
322,8,0.59515625,0.6053236539624924,medium
775,11,0.59484375,0.7474226804123711,medium
808,10,0.59484375,0.8017875920084122,low
982,5,0.59484375,0.7771551321565331,medium
918,5,0.59453125,0.8816168189212864,low
711,12,0.59453125,0.778672032193159,medium
902,10,0.594140625,0.670188679245283,medium
39,11,0.5940625,0.9224806201550387,low
1169,9,0.5940625,0.40756302521008403,heavy
972,12,0.593984375,0.9549395691014189,low
615,10,0.593671875,0.971715755025713,low
342,1,0.593671875,0.8678660049627791,low
615,6,0.593515625,0.954253037884203,low
794,1,0.593046875,0.7019230769230769,medium
342,8,0.593046875,0.8972997232403321,low
1123,6,0.593046875,0.9193381592554292,low
527,5,0.59296875,0.4217633042096902,heavy
788,10,0.5928125,0.9296936370777691,low
176,9,0.592734375,0.9077231695085256,low
750,8,0.592578125,0.6058753156985245,medium
764,8,0.5925,0.6647597254004577,medium
1148,6,0.59234375,0.8978383180337578,low
773,11,0.592265625,0.6483180428134556,medium
79,12,0.591796875,0.7900612171407995,medium
529,1,0.591484375,0.668856767411301,medium
560,8,0.591171875,0.6297448662103298,medium
711,5,0.591015625,0.5534370296036126,medium
480,5,0.5909375,0.4872023147117739,medium
571,10,0.590859375,0.8195523069894929,low
38,11,0.590546875,0.9431245500359972,low
791,8,0.590546875,0.5413083538083538,medium
1176,8,0.590546875,0.45939334637964774,medium
266,12,0.590234375,0.9883850437549722,low
856,8,0.590234375,0.7931034482758621,low
521,8,0.590078125,0.8884254431699687,low
603,8,0.589921875,0.644569097399286,medium
453,6,0.5896875,0.991480996068152,low
1180,12,0.589453125,0.9269119070667957,low
809,1,0.589375,0.9936775553213909,low
1103,11,0.589375,0.5642540620384048,medium
166,1,0.5890625,0.8794408852649971,low
263,11,0.588828125,0.5798710601719198,medium
773,8,0.588828125,0.856140350877193,low
757,10,0.58875,0.836662749706228,low
27,11,0.588671875,0.5418181818181819,medium
17,8,0.58859375,0.5997918293000261,medium
1131,8,0.588359375,0.4589345774113052,medium
549,12,0.58765625,0.9897657941350128,low
844,10,0.58765625,0.6501411986193912,medium
162,6,0.587578125,0.9374592833876222,low
563,8,0.587265625,0.7276150627615062,medium
176,12,0.586875,0.9244650683165765,low
494,9,0.58640625,0.9853403141361257,low
649,12,0.586171875,0.9646826000913381,low
39,12,0.58578125,0.9341645885286783,low
1176,10,0.585703125,0.6007135906584495,medium
162,12,0.585078125,0.8973970179428861,low
837,6,0.584765625,0.7983286908077994,low
521,12,0.584453125,0.9503916449086162,low
446,12,0.584375,0.9880771732061565,low
549,8,0.584375,0.9027639971651311,low
110,8,0.583984375,0.8174361378017342,low
41,12,0.583984375,0.9746897055244585,low
442,6,0.583828125,0.8076923076923077,low
162,5,0.58375,0.47598522167487683,medium
969,8,0.583515625,0.7331183786273606,medium
1069,5,0.58296875,0.7323241317898486,medium
648,5,0.582890625,0.35185714285714287,heavy
1169,8,0.582890625,0.5503388989915688,medium
176,5,0.582421875,0.7591852274890539,medium
368,12,0.582265625,0.958675688738521,low
476,6,0.5821875,0.9626865671641791,low
909,5,0.58203125,0.566008872571516,medium
476,11,0.581953125,0.802571860816944,low
258,6,0.5815625,0.9552361396303901,low
543,10,0.581484375,0.18451612903225806,heavy
611,1,0.581328125,0.46955978769903217,medium
115,6,0.581328125,0.9783878504672897,low
156,11,0.58125,0.525560538116592,medium
808,1,0.581171875,0.9994206257242179,low
837,12,0.58109375,0.9619638521715673,low
474,8,0.581015625,0.8877633711507293,low
1098,6,0.5809375,0.7818696883852692,medium
737,1,0.5809375,0.9939280709948622,low
727,5,0.580703125,0.7111627906976744,medium
442,10,0.580546875,0.7884761182714177,medium
217,12,0.580546875,0.830857690464782,low
560,1,0.5803125,0.8350836250486192,low
338,12,0.580078125,0.9779075942644716,low
356,6,0.579921875,0.903883495145631,low
1061,1,0.5798046875,0.9982174688057041,low
178,11,0.5796484375,0.992266508030934,low
837,11,0.5795703125,0.5427290557579154,medium
532,5,0.5794921875,0.7650395324853901,medium
904,10,0.5793359375,0.68859461768475,medium
756,8,0.579140625,0.6072010668247148,medium
1144,12,0.5790625,0.9712828263744568,low
809,5,0.5790625,0.7284625903496776,medium
501,12,0.5790234375,0.9681419713491555,low
736,6,0.57875,0.912303664921466,low
1107,10,0.57859375,0.968189233278956,low
804,9,0.5785546875,0.9960079840319361,low
97,9,0.5784375,0.9688697318007663,low
785,11,0.5782421875,0.8986444855206408,low
840,12,0.578046875,0.9071661237785016,low
532,11,0.5779296875,0.9483315392895587,low
821,5,0.5777734375,0.9600484261501211,low
268,12,0.57734375,0.9963911945146157,low
648,1,0.5763671875,0.7052313883299799,medium
956,12,0.5763671875,0.5713937621832359,medium
153,1,0.5762109375,0.9951482479784367,low
474,6,0.576171875,0.5459057071960298,medium
803,10,0.576171875,0.9843513377082281,low
8,1,0.576015625,0.6825095057034221,medium
166,12,0.5759765625,0.9341887417218543,low
61,12,0.5759375,0.9393783714359106,low
254,12,0.575703125,0.9441633538127936,low
756,10,0.575078125,0.860446247464503,low
110,11,0.5750390625,0.5665362035225049,medium
446,1,0.575,0.9236111111111112,low
476,12,0.575,0.9939380332285586,low
828,12,0.57484375,0.9799771167048055,low
1199,8,0.5748046875,0.5155681058185331,medium
785,8,0.5746875,0.6804299607575499,medium
642,12,0.57390625,0.9759436729904166,low
837,5,0.573828125,0.9851602023608769,low
480,9,0.5736328125,0.7417840375586855,medium
156,8,0.5733203125,0.7531008659021765,medium
894,10,0.5732421875,0.7113654946852003,medium
221,12,0.573203125,0.6335323124837788,medium
727,10,0.5728125,0.9591182364729459,low
474,12,0.5726171875,0.9875621890547264,low
894,12,0.5723828125,0.899687743950039,low
803,9,0.5720703125,0.9958772331653688,low
389,9,0.57171875,0.7420611144397843,medium
89,12,0.57140625,0.5981344733773805,medium
89,6,0.5712890625,0.9373116335141651,low
494,10,0.5712109375,0.7549019607843137,medium
828,1,0.5711328125,0.9989512323020451,low
543,6,0.57109375,0.6436170212765957,medium
224,12,0.5710546875,0.8452639190166306,low
1151,8,0.571015625,0.6674491392801252,medium
283,12,0.5705859375,0.9601769911504425,low
543,12,0.570234375,0.9669462259496794,low
79,9,0.5697265625,0.6660459342023588,medium
503,12,0.56953125,0.8865937626569461,low
540,12,0.5694140625,0.9889888052853735,low
1087,6,0.5694140625,0.9814932992980216,low
258,12,0.5692578125,0.9337192474674385,low
1050,10,0.5690234375,0.9441692931112111,low
41,8,0.5689453125,0.783982816814974,medium
1212,12,0.5686328125,0.9465324736593804,low
119,12,0.5686328125,0.9382716049382716,low
695,12,0.568359375,0.9906015037593985,low
535,10,0.5683203125,0.8464083175803403,low
991,6,0.56828125,0.7364,medium
535,5,0.5682421875,0.9302582211432355,low
907,5,0.5680859375,0.8202333632516989,low
175,11,0.5677734375,0.9068666140489345,low
477,9,0.567734375,0.7837837837837838,medium
754,5,0.5676171875,0.864015518913676,low
607,1,0.5673828125,0.5909717436250862,medium
263,8,0.566953125,0.9065966141272621,low
571,1,0.566953125,0.999603017070266,low
322,6,0.566484375,0.6525023607176582,medium
115,1,0.5661328125,0.9988577955454027,low
649,10,0.565859375,0.7279116465863453,medium
79,11,0.565390625,0.509470616804274,medium
342,6,0.5652734375,0.8991083998122947,low
124,9,0.565078125,0.9563567362428842,low
126,12,0.565078125,0.9659939176112801,low
362,8,0.5649609375,0.5273493842227893,medium
867,12,0.5644921875,0.9468699468699469,low
801,10,0.5641015625,0.8613348676639816,low
968,8,0.5640234375,0.7173876451775796,medium
801,8,0.56390625,0.48558421851289835,medium
764,5,0.563828125,0.9601769911504425,low
1212,10,0.5636328125,0.9426132321555608,low
571,9,0.563515625,0.9947280799112098,low
1038,9,0.563359375,0.46847316310578424,medium
166,11,0.56296875,0.8062176165803109,low
791,12,0.562265625,0.7761938702779758,medium
36,12,0.562109375,0.983204845814978,low
435,6,0.561484375,0.7014925373134329,medium
326,8,0.56140625,0.387974987974988,heavy
107,1,0.5611328125,0.9183818310858765,low
794,12,0.5610546875,0.8518151815181518,low
322,12,0.561015625,0.7228637413394919,medium
476,1,0.5606640625,0.7520372526193247,medium
473,8,0.5604296875,0.9173527549081697,low
248,12,0.5603515625,0.9152018543558045,low
254,5,0.5598828125,0.47863378771634246,medium
877,6,0.5597265625,0.9461045891141943,low
762,1,0.5596484375,0.9994946942900454,low
1148,12,0.559375,0.9354078849491694,low
61,8,0.559140625,0.4878275701659172,medium
387,11,0.5587890625,0.5973736924104162,medium
435,1,0.5583984375,0.5175517551755175,medium
529,12,0.5577734375,0.9443076923076923,low
438,12,0.557734375,0.899505766062603,low
809,12,0.5576171875,0.9739932885906041,low
263,9,0.5573828125,0.5330459770114943,medium
667,6,0.5573046875,0.5083251714005876,medium
867,5,0.5572265625,0.7347252072459318,medium
972,5,0.556875,0.7402815013404825,medium
650,12,0.556640625,0.8940302085830736,low
425,12,0.5566015625,0.9534543325526932,low
1001,12,0.5562109375,0.48783476282163485,medium
1061,8,0.5562109375,0.533517713683656,medium
162,9,0.5559765625,0.5615598885793872,medium
72,12,0.5558984375,0.7973014412756823,low
615,12,0.555625,0.9930412778744266,low
221,11,0.5553125,0.5406048250084947,medium
761,5,0.55515625,0.6808854046575974,medium
64,12,0.5551171875,0.9260499087035909,low
480,12,0.555078125,0.9354729729729729,low
96,12,0.5546484375,0.9000865051903114,low
739,6,0.55421875,0.9636118598382749,low
499,8,0.5541015625,0.7403953748601269,medium
27,12,0.553671875,0.9146224912392482,low
532,1,0.55328125,0.6450742240215924,medium
819,12,0.5531640625,0.9782554978996788,low
217,9,0.5525390625,0.6589186457806974,medium
877,12,0.5524609375,0.7172373081463991,medium
589,12,0.5523046875,0.9928400954653938,low
768,12,0.5521875,0.9743264659270998,low
248,8,0.5520703125,0.40841478963025923,heavy
740,6,0.5519140625,0.9410540915395285,low
1099,6,0.551875,0.8561743341404359,low
365,10,0.5517578125,0.6865271068169619,medium
153,8,0.55125,0.636257537444077,medium
435,12,0.551171875,0.9159973226238286,low
877,1,0.550859375,0.9946524064171123,low
1099,12,0.55078125,0.9760947746985403,low
703,12,0.55078125,0.8452878739144419,low
1038,12,0.550546875,0.9842533936651584,low
648,12,0.54921875,0.9387900355871887,low
1107,12,0.547734375,0.9798457763757449,low
47,8,0.547109375,0.6474630793975727,medium
650,1,0.5469140625,0.45676599902296044,medium
942,12,0.5466796875,0.9176569037656904,low
402,12,0.54625,0.9924308588064047,low
480,6,0.5459765625,0.7315303430079155,medium
258,11,0.545859375,0.3946360153256705,heavy
785,10,0.54578125,0.6647780925401322,medium
984,12,0.545703125,0.9800498753117207,low
652,12,0.545546875,0.9953692420180356,low
477,1,0.5455078125,0.5635400907715582,medium
1099,10,0.545390625,0.8499702911467617,low
453,12,0.544765625,0.9428231089934485,low
207,12,0.5445703125,0.8084829560239396,low
764,12,0.544296875,0.9428020565552699,low
89,10,0.54390625,0.804823865439543,low
97,8,0.54296875,0.6594368340943684,medium
1148,9,0.5427734375,0.7013673088875078,medium
477,11,0.54265625,0.8962900505902193,low
97,12,0.542578125,0.9490593342981186,low
1012,9,0.5425390625,0.6634549208534067,medium
1157,12,0.5424609375,0.8450637694851204,low
62,8,0.5421875,0.5496631542580757,medium
494,1,0.542109375,0.5091799265605875,medium
543,1,0.5414453125,0.4801488833746898,medium
473,12,0.5413671875,0.9527505906176172,low
969,5,0.5412109375,0.9792703150912107,low
62,12,0.541171875,0.9597335755373902,low
221,8,0.541171875,0.4354547279662718,heavy
902,12,0.5411328125,0.3955206099594949,heavy
243,6,0.5409765625,0.815439672801636,low
3,12,0.540859375,0.9642963403748884,low
642,10,0.5408203125,0.9020387866732968,low
691,12,0.540703125,0.9990056818181818,low
96,6,0.5404296875,0.9291819291819292,low
758,12,0.540234375,0.8989510489510489,low
362,1,0.54015625,1.0,low
153,12,0.53986328125,0.6871988988300068,medium
850,12,0.5398046875,0.8790968681718864,low
477,12,0.539765625,0.9479495268138801,low
258,8,0.53955078125,0.6521317829457365,medium
740,5,0.539453125,0.5464396284829721,medium
203,12,0.53931640625,1.0,low
501,8,0.53921875,0.8362125519352722,low
1168,9,0.53912109375,0.2838174273858921,heavy
27,10,0.53908203125,0.7629179331306991,medium
669,12,0.538515625,0.9176320814767663,low
428,12,0.53849609375,0.9418075422626788,low
356,12,0.53798828125,0.9688830658368818,low
17,12,0.53720703125,0.9798615481434865,low
277,9,0.53720703125,0.3994786575431737,heavy
711,6,0.53701171875,0.7412935323383084,medium
1012,6,0.5369140625,0.5164041994750657,medium
739,5,0.53677734375,0.42298791463101054,heavy
757,12,0.53662109375,0.9004329004329005,low
754,10,0.53634765625,0.8371766029246345,low
362,10,0.53626953125,0.8854882365188423,low
877,5,0.535859375,0.40242689476825144,heavy
560,12,0.53576171875,0.9919035624325296,low
769,12,0.53533203125,0.9726512226512226,low
1117,6,0.5349609375,0.7516401124648547,medium
362,12,0.53494140625,0.9448859266854652,low
156,10,0.5348046875,0.5368333679186553,medium
527,12,0.53384765625,0.9313022700119474,low
8,12,0.533203125,0.9681372549019608,low
679,12,0.5331640625,0.9831637596899225,low
750,12,0.53275390625,0.955543206446235,low
153,11,0.53275390625,0.4586840091813313,medium
532,12,0.5326171875,0.9782330345710627,low
338,11,0.532109375,0.3438320209973753,heavy
788,12,0.531953125,0.7777122641509434,medium
62,6,0.53146484375,0.7486376021798365,medium
756,12,0.53140625,0.9195476575121163,low
1168,12,0.53125,0.9836336584559431,low
1123,12,0.531171875,0.9152136752136752,low
64,8,0.53083984375,0.46453006841915734,medium
952,6,0.5305078125,0.768102658111824,medium
1099,9,0.53041015625,0.6830047948854555,medium
1087,12,0.528203125,0.940254652301665,low
968,12,0.5277734375,0.6982358402971216,medium
1057,8,0.52728515625,0.42007604562737644,heavy
769,5,0.52689453125,0.8895437677363022,low
166,5,0.52587890625,0.49180633147113595,medium
491,12,0.52587890625,0.9437998549673676,low
178,9,0.52541015625,0.6614173228346457,medium
1117,12,0.5252734375,0.9502564102564103,low
775,12,0.5248046875,0.9146205357142857,low
804,12,0.524765625,0.9817696754112939,low
903,12,0.52431640625,0.6351606805293005,medium
365,6,0.52416015625,0.3110285006195787,heavy
535,12,0.52404296875,0.9726027397260274,low
679,6,0.52390625,0.6762005649717514,medium
819,5,0.5234765625,0.9531430775163903,low
438,6,0.52345703125,0.5252466627974464,medium
365,12,0.523359375,0.9557261676263595,low
886,12,0.5232421875,0.4706645056726094,medium
903,10,0.5228515625,0.7172954434100931,medium
499,9,0.52265625,0.9866071428571429,low
1103,12,0.5217578125,0.9625328659070991,low
219,10,0.52130859375,0.7480093676814988,medium
1050,12,0.52041015625,0.9776641550053822,low
968,6,0.5201171875,0.5857194635737586,medium
773,12,0.51974609375,0.9779281930547381,low
224,10,0.5196875,0.8502810424118549,low
442,12,0.51759765625,0.9428930028239724,low
61,6,0.5172265625,0.5669083717864206,medium
972,6,0.5169140625,0.33810375670840787,heavy
263,10,0.5167578125,0.5291960890820206,medium
739,12,0.5165625,0.46397941680960547,medium
65,8,0.5165234375,0.43118104539699764,heavy
428,10,0.51560546875,0.5751593666461032,medium
338,10,0.51458984375,0.7181336473358846,medium
115,8,0.5141796875,0.6636169563891431,medium
571,12,0.5140234375,0.8784896565575416,low
79,8,0.51390625,0.4768292682926829,medium
625,1,0.513828125,0.6750823271130626,medium
115,12,0.51380859375,0.31226053639846746,heavy
102,12,0.51349609375,0.9756877799104287,low
904,12,0.51330078125,0.5568475452196382,medium
764,6,0.513291015625,0.699215965787598,medium
387,12,0.51322265625,0.9810075969612155,low
737,6,0.51306640625,0.9753846153846154,low
110,9,0.51291015625,0.8790369935408103,low
703,5,0.51287109375,0.8007527640555163,low
219,9,0.5127734375,0.5371669004207573,medium
708,12,0.512412109375,0.974366893143916,low
326,12,0.5119921875,0.676350579402644,medium
96,10,0.51193359375,0.8784425451092118,low
768,5,0.51189453125,0.9258306538049303,low
64,6,0.5114453125,0.5941217634709587,medium
277,11,0.51142578125,0.4269503546099291,heavy
1199,12,0.511298828125,0.8901876345739772,low
263,12,0.51083984375,0.9254278728606357,low
727,12,0.510546875,0.5867533522958147,medium
477,6,0.5105078125,0.9143769968051119,low
871,12,0.510302734375,0.8096038415366147,low
1012,12,0.51015625,0.9858502073676506,low
1107,9,0.5100390625,0.6941953751769703,medium
1057,12,0.509892578125,0.9777999501122474,low
794,6,0.5093310546875,0.24293059125964012,heavy
17,10,0.5091015625,0.7208255159474671,medium
178,12,0.50892578125,0.940736119775421,low
221,6,0.50892578125,0.8313197026022305,low
1099,11,0.50814453125,0.4412403100775194,heavy
934,12,0.5080078125,0.7495086653564409,medium
1123,9,0.507724609375,0.47251461988304094,medium
499,1,0.507392578125,0.3519140362659503,heavy
38,12,0.507333984375,0.9279356876256101,low
224,9,0.505234375,0.6876019575856444,medium
918,12,0.50490966796875,0.966543438077634,low
124,12,0.50445556640625,0.9359605911330049,low
761,12,0.5043994140625,0.7858577742065086,medium
224,6,0.504345703125,0.5825892857142857,medium
1144,9,0.50409423828125,0.2876760563380282,heavy
1071,8,0.50402587890625,0.6035108958837773,medium
736,12,0.5039892578125,0.7319119189094722,medium
219,11,0.5035498046875,0.46272493573264784,medium
563,12,0.502357177734375,0.9921488804885141,low
611,12,0.502060546875,0.998860103626943,low
968,10,0.501920166015625,0.43531371460299834,heavy
894,6,0.5018017578125,0.71815834767642,medium
434,12,0.5009130859375,0.9224011713030746,low
821,12,0.5005810546875,0.9843614248479583,low
283,10,0.50042236328125,0.7693526482571299,medium
883,6,0.49857666015625,0.75177304964539,medium
667,12,0.497451171875,0.992659588412636,low
283,11,0.497138671875,0.27426564495530015,heavy
156,12,0.49685546875,0.7672151127361365,medium
708,5,0.496845703125,0.8896406906206253,low
217,10,0.49662109375,0.7876437550147098,medium
58,12,0.496279296875,0.9947773501924134,low
115,11,0.494580078125,0.12412831241283125,heavy
984,10,0.493779296875,0.5688100663826414,medium
1001,8,0.4934619140625,0.5225876681440013,medium
1168,11,0.4929052734375,0.004704752760441671,heavy
58,1,0.4924853515625,0.6113615870153292,medium
342,5,0.4923583984375,0.998970623168897,low
221,10,0.4922119140625,0.7911588514769675,medium
801,12,0.4920947265625,0.8518348623853211,low
549,10,0.4912158203125,0.44007731958762886,heavy
175,12,0.4907666015625,0.9844274077623383,low
695,10,0.4903271484375,0.8116763969974979,low
110,10,0.4902001953125,0.41696428571428573,heavy
529,10,0.48998046875,0.25175175175175174,heavy
607,12,0.48994140625,0.9927703269069572,low
625,5,0.48984375,0.29613601236476045,heavy
72,10,0.4892578125,0.651840490797546,medium
503,10,0.4885546875,0.34900542495479203,heavy
740,12,0.4873828125,0.494550408719346,medium
754,12,0.48734375,0.9709827539009034,low
785,12,0.48724609375,0.666887417218543,medium
828,6,0.4862890625,0.33910614525139665,heavy
1061,12,0.4858984375,0.9878307900328376,low
362,11,0.48537109375,0.1232943469785575,heavy
107,12,0.48482421875,0.9584732824427481,low
770,5,0.48478515625,0.9227704566349985,low
560,10,0.48314453125,0.510786360473208,medium
727,6,0.4799609375,0.7508132726089786,medium
650,11,0.47861328125,0.731947902700632,medium
867,6,0.4781640625,0.34013258541560426,heavy
803,12,0.47671875,0.9447879858657244,low
961,5,0.47640625,0.8573773657782928,low
1098,12,0.47560546875,0.9548983364140481,low
1117,9,0.4755078125,0.615496368038741,medium
625,11,0.4751171875,0.0014308012486992717,heavy
667,11,0.47357421875,0.08748403575989783,heavy
89,9,0.473359375,0.6322067594433399,medium
283,9,0.4725390625,0.38113207547169814,heavy
47,10,0.47216796875,0.4477668433005299,medium
136,6,0.4711328125,0.39337085678549094,heavy
387,10,0.4707421875,0.7259243336199485,medium
41,10,0.4701953125,0.5656742556917689,medium
65,12,0.4694140625,0.939877300613497,low
89,11,0.46931640625,0.484643179765131,medium
737,12,0.46798828125,0.6009457984721717,medium
762,12,0.46751953125,0.6529171311780008,medium
669,11,0.4666796875,0.07148864592094197,heavy
1176,12,0.46626953125,0.9812183368343013,low
808,12,0.46623046875,0.47280638143582304,medium
603,12,0.46609375,0.8793869391381608,low
1069,1,0.46419921875,0.9995511669658886,low
952,12,0.46416015625,0.5195835399107586,medium
38,10,0.46373046875,0.4787012213285672,medium
110,12,0.46359375,0.9758779709116708,low
625,12,0.4633984375,0.6711441592708084,medium
1131,12,0.46333984375,0.9829024186822352,low
925,12,0.46125,0.8160473662719477,low
175,5,0.4599609375,0.8070858477710726,low
356,11,0.4596875,0.6623042767001636,medium
902,6,0.45875,0.41615782057303896,heavy
575,12,0.458671875,0.9900412922030605,low
17,6,0.458125,0.5738714090287278,medium
739,11,0.455859375,0.38095238095238093,heavy
1212,6,0.4542578125,0.2997658079625293,heavy
934,6,0.454140625,0.27386839102320276,heavy
773,5,0.4540234375,0.8954879328436516,low
136,10,0.4537890625,0.6596467391304348,medium
36,10,0.453671875,0.543557168784029,medium
69,12,0.4534765625,0.9307692307692308,low
96,8,0.453359375,0.4308837811589511,heavy
1199,9,0.4528125,0.2597356198642372,heavy
153,6,0.4526953125,0.758565094719871,medium
1057,11,0.4523046875,0.05988209742475954,heavy
1071,10,0.45171875,0.693033381712627,medium
72,11,0.4515625,0.32272501243162605,heavy
648,11,0.4508203125,0.7962903741605373,low
736,5,0.4485546875,0.5,medium
39,10,0.4484765625,0.5094339622641509,medium
389,12,0.44703125,0.9663621864578802,low
521,6,0.4448046875,0.5463239689181112,medium
224,11,0.4445703125,0.1683673469387755,heavy
736,11,0.4432421875,0.3262618873445501,heavy
991,12,0.443203125,0.6745834131392453,medium
96,11,0.4426171875,0.5173726796763446,medium
850,11,0.4422265625,0.007102092580849715,heavy
217,11,0.4421875,0.2966951355365763,heavy
883,12,0.441875,0.6281923714759535,medium
1144,10,0.441640625,0.4743643184660275,medium
3,10,0.441171875,0.5067647058823529,medium
124,10,0.4411328125,0.38202247191011235,heavy
775,5,0.4408984375,0.7672413793103449,medium
1050,8,0.4408203125,0.45703669298653044,medium
532,6,0.440234375,0.8195266272189349,low
902,11,0.4385546875,1.0,low
1071,12,0.4379296875,0.9481051553431206,low
96,9,0.43765625,0.4803206997084548,medium
761,11,0.437578125,1.0,low
575,6,0.4373046875,0.3831030818278427,heavy
761,6,0.4368359375,0.2755960729312763,heavy
415,10,0.434765625,0.4339152119700748,heavy
794,11,0.4334375,0.07319193324061196,heavy
102,10,0.4323828125,0.37142379119959845,heavy
982,6,0.430390625,0.4569196973395167,medium
8,10,0.4303515625,0.38661930136175254,heavy
480,10,0.429375,0.15143992055610725,heavy
563,11,0.429140625,0.05707309629177476,heavy
1069,12,0.4290234375,0.9807646639753028,low
1071,5,0.4281640625,0.379740980573543,heavy
1012,1,0.426875,0.8308457711442786,low
356,10,0.4252734375,0.43247545768108253,heavy
1012,11,0.4230859375,0.0989501312335958,heavy
326,6,0.4230859375,0.31979291119076064,heavy
844,6,0.4219140625,0.33462657613967023,heavy
268,10,0.4218359375,0.5651915651915652,medium
529,6,0.4208984375,0.44234527687296415,heavy
58,10,0.4203515625,0.5697930427124615,medium
417,10,0.4201953125,0.015675426463808206,heavy
162,11,0.419921875,0.8425983760149907,low
326,10,0.419609375,0.15781487101669195,heavy
219,8,0.4190625,0.4098997088320932,heavy
1038,11,0.4184375,0.017778560112656223,heavy
175,10,0.41765625,0.3435022820081672,heavy
17,11,0.4165625,0.32654100866021396,heavy
1061,6,0.416484375,0.3114571746384872,heavy
907,11,0.415546875,0.28240190249702735,heavy
1123,5,0.414921875,0.40918765519687833,heavy
788,11,0.41453125,0.3785162512753243,heavy
667,10,0.413359375,0.0707175177763413,heavy
642,11,0.41296875,0.05260878978133795,heavy
365,11,0.410546875,0.31190595297648827,heavy
277,6,0.410234375,0.15319306016980436,heavy
1069,10,0.410078125,0.7428065515714918,medium
589,11,0.4090625,0.1285464862505456,heavy
62,10,0.407265625,0.267515923566879,heavy
1098,9,0.40640625,0.36473755047106327,heavy
89,8,0.40625,0.437140260527113,heavy
254,10,0.40546875,0.01543026706231454,heavy
162,10,0.405234375,0.10387323943661972,heavy
217,6,0.40453125,0.17911227154046996,heavy
207,9,0.40453125,0.13084479371316307,heavy
804,6,0.4040625,0.3064167267483778,heavy
248,10,0.403828125,0.07826777910210568,heavy
527,6,0.40359375,0.3542682926829268,heavy
434,10,0.403515625,0.12241541353383459,heavy
1212,9,0.403359375,0.2106847253574116,heavy
909,10,0.40203125,0.0035222542427153377,heavy
310,10,0.401875,0.1265738899933731,heavy
61,10,0.4009375,0.3759966428871171,heavy
762,6,0.400625,0.21123165283982132,heavy
166,10,0.399921875,0.06002875629043854,heavy
79,10,0.39953125,0.2230800487606664,heavy
808,6,0.39953125,0.471341874578557,medium
69,10,0.399296875,0.3667763157894737,heavy
249,10,0.398359375,0.35802080050425467,heavy
540,11,0.39828125,0.051181102362204724,heavy
669,10,0.39796875,0.07883637936628096,heavy
69,6,0.39703125,0.15449010654490106,heavy
791,6,0.39703125,0.2868525896414343,heavy
119,10,0.39671875,0.02451931557593932,heavy
338,6,0.396015625,0.19745608721986674,heavy
652,10,0.395078125,0.39421239421239423,heavy
266,10,0.394921875,0.43529411764705883,heavy
477,10,0.39484375,0.15384615384615385,heavy
650,5,0.393203125,0.2290275761973875,heavy
126,10,0.3925,0.48278867102396517,medium
691,10,0.391640625,0.17841516771998056,heavy
907,10,0.3903125,0.003148897885739991,heavy
804,1,0.389609375,0.2531458179126573,heavy
219,6,0.389609375,0.30700179533213645,heavy
107,10,0.38921875,0.34493850520340585,heavy
961,10,0.38859375,0.03342570142015933,heavy
342,10,0.38859375,0.5247913598429063,medium
64,10,0.38828125,0.4383938393839384,heavy
248,6,0.38796875,0.30703745743473326,heavy
785,6,0.38734375,0.39521392313270487,heavy
243,9,0.386875,0.07702349869451697,heavy
1117,10,0.38625,0.0,heavy
1069,6,0.385546875,0.5414129110840439,medium
243,10,0.38515625,0.36726893676164,heavy
603,10,0.384375,0.15502070393374742,heavy
1071,9,0.384296875,0.46436443791329907,medium
650,10,0.38375,0.18403150733977802,heavy
1176,6,0.3825,0.28542914171656686,heavy
368,10,0.381953125,0.11944390052868611,heavy
1176,9,0.381875,0.09191321499013806,heavy
1131,6,0.38125,0.32528908999497236,heavy
625,10,0.380703125,0.4749251497005988,medium
1131,9,0.380703125,0.19223107569721115,heavy
176,10,0.380703125,0.4101876675603217,heavy
527,10,0.380625,0.10840496657115568,heavy
27,1,0.380390625,0.39339875111507583,heavy
322,10,0.38015625,0.22889374090247452,heavy
58,6,0.38,0.4845360824742268,medium
277,10,0.37984375,0.3596229379418696,heavy
362,6,0.378984375,0.31601069927397785,heavy
1176,1,0.377734375,0.15225898256848097,heavy
532,10,0.3771875,0.2527821939586645,heavy
307,10,0.376171875,0.42478038067349927,heavy
904,6,0.37578125,0.4952038369304556,medium
607,6,0.375703125,0.41575492341356673,heavy
571,6,0.375390625,0.27894257064721967,heavy
903,6,0.374609375,0.38107098381070986,heavy
560,6,0.3740625,0.4129263913824057,heavy
65,10,0.372890625,0.26414115204981836,heavy
1061,9,0.372109375,0.3628841607565012,heavy
356,1,0.371953125,1.0,low
249,9,0.371953125,0.22797018851380974,heavy
494,6,0.371640625,0.2089452603471295,heavy
156,9,0.3709375,0.08660968660968661,heavy
1069,9,0.370390625,0.4694868238557559,medium
203,10,0.3703125,0.0,heavy
115,9,0.369140625,0.11422564821303434,heavy
611,6,0.36859375,0.20302287581699346,heavy
503,1,0.3678125,0.3908713692946058,heavy
871,6,0.36703125,0.19767441860465115,heavy
803,6,0.366796875,0.1532258064516129,heavy
1199,6,0.3659375,0.35954645208485736,heavy
97,10,0.365390625,0.0,heavy
788,6,0.365234375,0.08092144122858831,heavy
925,6,0.36515625,0.11675542810323637,heavy
322,9,0.36484375,0.03154205607476635,heavy
1050,6,0.36375,0.252387448840382,heavy
36,1,0.363671875,0.05824372759856631,heavy
1168,6,0.36328125,0.12174284493806066,heavy
1103,9,0.363125,0.22675736961451248,heavy
221,9,0.3628125,0.14131501472031405,heavy
268,6,0.3628125,0.4399740428293316,heavy
648,6,0.3628125,0.014480408858603067,heavy
801,6,0.362578125,0.3939393939393939,heavy
1001,6,0.3625,0.27785515320334264,heavy
72,1,0.360078125,0.17117988394584138,heavy
503,6,0.36,0.4264591439688716,heavy
61,1,0.359921875,0.1868312757201646,heavy
648,10,0.359140625,0.2516778523489933,heavy
1050,9,0.358515625,0.11740890688259109,heavy
803,1,0.35828125,0.2878479293957909,heavy
1071,6,0.35734375,0.7209003215434083,medium
1071,1,0.357109375,0.9994720168954594,low
501,6,0.356875,0.2779234399580493,heavy
283,6,0.356796875,0.3342440801457195,heavy
69,1,0.3565625,0.40471512770137524,heavy
153,9,0.35625,0.023882113821138213,heavy
47,1,0.355859375,0.12026359143327842,heavy
1151,6,0.355546875,0.0642361111111111,heavy
41,1,0.35515625,0.1966490299823633,heavy
38,1,0.3546875,0.06063348416289593,heavy
1057,9,0.354375,0.16475354490209318,heavy
788,1,0.354296875,0.09125355225765709,heavy
856,6,0.35328125,0.15136226034308778,heavy
499,6,0.35328125,0.5146198830409356,medium
625,6,0.3528125,0.18843683083511778,heavy
72,6,0.35265625,0.3145817912657291,heavy
563,6,0.352578125,0.6160040261701056,medium
17,1,0.35203125,0.3261617900172117,heavy
956,1,0.35203125,0.16327827191867852,heavy
473,6,0.3496875,0.5618374558303887,medium
62,1,0.34921875,0.0838095238095238,heavy
758,6,0.34921875,0.04500978473581213,heavy
27,6,0.34859375,0.23377529658060014,heavy
3,1,0.34828125,0.19964507542147295,heavy
389,1,0.348203125,0.22071602363573167,heavy
756,6,0.348125,0.10543130990415335,heavy
258,9,0.34796875,0.027378190255220418,heavy
425,6,0.346875,0.2349869451697128,heavy
840,6,0.346796875,0.032679738562091505,heavy
968,1,0.346171875,0.05628887877408587,heavy
737,5,0.344921875,0.35910527595429126,heavy
703,6,0.34390625,0.2773333333333333,heavy
850,6,0.34375,0.1569767441860465,heavy
650,6,0.343359375,0.1082693947144075,heavy
1057,6,0.342109375,0.13624511082138202,heavy
984,6,0.340546875,0.07409021573327522,heavy
942,6,0.33984375,0.18282252316464717,heavy
1038,6,0.33796875,0.12023460410557185,heavy
750,6,0.33671875,0.16715542521994134,heavy
65,6,0.33546875,0.24127906976744187,heavy
65,1,0.3334375,0.10119595216191353,heavy
1001,1,0.3328125,0.9869250741839762,low
695,6,0.31765625,0.054104477611940295,heavy
